Treatment / Peptide Name,"Category (Peptide, Device, IV, etc.)",What It Addresses,Ideal Patient Demographics,"Delivery Method (e.g. topical, injection, etc.)",Pricing (e.g. starts at $ or a range),Notes,Duration for visible efficacy or results
BPC-157,"Injury recovery, inflammation, gut health"," Soft tissue repair support, Tendon/ligament recovery , Chronic GI issues, GI lining support, Anti-inflammatory properties","anyone aged 30 and above with significant contact sports, extteme work outs and anyone physicall active after 40 yo makle and female","Sc injection is best, but available oral and nasal spray",$250,"5 weeks supply, Ready to use and prepared under strict aseptic precautions to avoid corss contam",2 weeks-8 weeks
Thymosin Beta-4 (TB-500 fragment),Musculoskeletal injury,"Accelerated muscle recovery, Reduced inflammation, Improved mobility","anyone aged 30 and above with significant contact sports, extteme work outs and anyone physicall active after 40 yo makle and female","Sc injection is best, but available as nasal spray",$200,Ready to use and prepared under strict aseptic precautions to avoid corss contam, 1 week-8 weeks
CJC-1295,"Low energy, poor recovery, metabolic optimization","Increased IGF-1, Fat metabolism support,  Improved recovery","poor muscel mass gain, toning in men and women",sc injection ,250,5 weeks minimum,4 weeks to 10 weeks
Ipamorelin,Sleep and Muscle growth,"Selective ghrelin receptor agonist, Stimulates natural GH release, Minimal cortisol elevation, Supports lean mass preservation","Aged 40 and above, both sexes",Sc injection only,$250,5 weeks,4 weeks to 10 weeks
Semax,Memory ,"Brain fog, focus, cognitive decline",aged above 30 ,"sc injection, but nasal spray are now available",$300,10 weeks supply,8 weeks - 16 weeks
Selank,"Anxiety, Fatigue, chr stress","Anxiolytic effects, Improved cognition, Mood balance","Aged 30 and above, both sexes",Sc injection ideal,$300-500,5 weeks-10 weeks,6 weeks-16 weeks
P 21,Memory ,Synapse regenration,Aged 60 or above,Sc injection,$500,10 weeks,3 mo-6 mo
Pinealon,Memory ,"Brain oxidative defence, ognitive decline",Aged 60 and above,sc injection,$500,10 weeks-16 weeks,3 mo-6 mo
GHRP-2 / GHRP-6,Muscle loss,"Recovery, body composition",Aged 35 and above,sc injection,$250,5 w,2m-5 mo
IGF-1 LR3,Muslce bulk assistance,Muscle growth,Aged 35 and above,sc injection,$250,5 w,2mo-5 mo
GHK-Cu,Skin health,"Skin firmness, skin laxiity and elastin stimulation",aged 40 and above,sc injection or face peptide cream,250-350,5 weeks - 8 weeks,2 mo-3 mo
Melanotan 2,"Skin Tan, libido","Melanon increase, libido increase",natural tanning peptide,sc injection,$200 onwards,5 weeks minimum,3 mo
MK-677,"Osteoporosis, Osteoarthritis",bone density decline prevention,asgedf 65 and above,sc injection,$350-600,5 weeks -10 weeks,3 mo
Sermorelin,Anti Aging,"Physiologic GH stimulation, Anti-aging interest",aged 40 and above,sc injection,$300-500,5 weeks-10 weeks, 8 w-12 weeks
Tessamorelin,"Fat, especially visceral fat excess",Obesity adjunct therapy,Aged 40 and above,sc injection,$500,5w -10 weeks,3 mo
Epitalon,Cellular aging,Metabolism reset,Aged 40 and above,sc injeciton,$400-500,5 w -10 w, 3 mo
AOD 9604,Fat metabolism,Obesity adjunct therapy,"Aged 30 and above, both sexes",sc injection,$300-500,1 mo-2mo,3 mo
Cartalax,osteoarthritis,Cartilage repair,aged 50 and above,sc injection,$350-500,5 w-10 w,3 mo
,,,,,,,
,,,,,,,
,,,,,,,
,,,,,,,
Regulatory Notice: The following compounds are investigational research peptides. They are not FDA-approved for general therapeutic use unless otherwise specified. Content is for scientific and educational discussion only.,,,,,,,
Who Is NOT a Candidate,,,,,,,
,,,,,,,
Active malignancy,,,,,,,
,,,,,,,
Uncontrolled diabetes,,,,,,,
,,,,,,,
Severe cardiovascular disease,,,,,,,
,,,,,,,
Untreated sleep apnea,,,,,,,